[{"model": "app.actor", "pk": 1, "fields": {"first_name": "aaaa", "last_name": "aaaa"}}, {"model": "app.actor", "pk": 2, "fields": {"first_name": "bbbb", "last_name": "bbbb"}}, {"model": "app.actor", "pk": 3, "fields": {"first_name": "cccc", "last_name": "cccc"}}, {"model": "app.actor", "pk": 4, "fields": {"first_name": "dddd", "last_name": "dddd"}}, {"model": "app.actor", "pk": 5, "fields": {"first_name": "eeee", "last_name": "eeee"}}, {"model": "app.actor", "pk": 6, "fields": {"first_name": "ffff", "last_name": "ffff"}}, {"model": "app.actor", "pk": 7, "fields": {"first_name": "gggg", "last_name": "gggg"}}, {"model": "app.actor", "pk": 8, "fields": {"first_name": "hhhh", "last_name": "hhhh"}}, {"model": "app.actor", "pk": 9, "fields": {"first_name": "iiii", "last_name": "iiii"}}, {"model": "app.actor", "pk": 10, "fields": {"first_name": "jjjj", "last_name": "jjjj"}}, {"model": "app.actor", "pk": 11, "fields": {"first_name": "kkkk", "last_name": "kkkk"}}, {"model": "app.movie", "pk": 1, "fields": {"title": "Movie 1", "description": "Description for movie 1", "actors": [1, 2, 3, 4, 5, 6]}}, {"model": "app.movie", "pk": 2, "fields": {"title": "Movie 2", "description": "Description for movie 2 Description for movie 2 Description for movie 2", "actors": [2, 3, 4, 5]}}, {"model": "app.movie", "pk": 3, "fields": {"title": "Movie 3", "description": "Description for movie 4", "actors": [7, 8, 9, 10, 11]}}, {"model": "app.movie", "pk": 4, "fields": {"title": "movie 4", "description": "hello hello hello hellohello hello hello hello", "actors": [4, 5, 6, 7]}}, {"model": "app.movie", "pk": 5, "fields": {"title": "movie 5", "description": "Description for movie 5", "actors": [5, 6, 7, 8, 9, 10, 11]}}, {"model": "app.movie", "pk": 6, "fields": {"title": "Movie 6", "description": "Description for movie 6", "actors": [6, 7, 8, 9, 10, 11]}}, {"model": "app.movie", "pk": 7, "fields": {"title": "Movie 7", "description": "Description for movie 7", "actors": [1, 2, 7, 8, 9, 10, 11]}}, {"model": "app.movie", "pk": 8, "fields": {"title": "Movie 8", "description": "Description for movie 8", "actors": [1, 2, 3, 4, 8, 9, 10, 11]}}, {"model": "app.movie", "pk": 9, "fields": {"title": "Movie 9", "description": "Description for movie 9", "actors": [1, 2, 3, 4, 5, 6, 9, 10, 11]}}, {"model": "app.movie", "pk": 10, "fields": {"title": "Movie 10", "description": "Description for movie 10", "actors": [1, 2, 3, 4, 5, 6, 7, 8, 10, 11]}}, {"model": "app.movie", "pk": 11, "fields": {"title": "Movie 11", "description": "Description for movie 11", "actors": [1, 2, 3, 4, 5, 6, 7, 8, 9, 10, 11]}}, {"model": "app.review", "pk": 1, "fields": {"grade": 1, "movie": 2}}, {"model": "app.review", "pk": 2, "fields": {"grade": 5, "movie": 2}}, {"model": "app.review", "pk": 3, "fields": {"grade": 4, "movie": 6}}, {"model": "app.review", "pk": 4, "fields": {"grade": 5, "movie": 5}}, {"model": "app.review", "pk": 5, "fields": {"grade": 5, "movie": 9}}, {"model": "app.review", "pk": 6, "fields": {"grade": 4, "movie": 6}}, {"model": "app.review", "pk": 7, "fields": {"grade": 2, "movie": 1}}, {"model": "app.review", "pk": 8, "fields": {"grade": 2, "movie": 2}}, {"model": "app.review", "pk": 9, "fields": {"grade": 3, "movie": 3}}, {"model": "app.review", "pk": 10, "fields": {"grade": 4, "movie": 4}}, {"model": "app.review", "pk": 11, "fields": {"grade": 5, "movie": 5}}, {"model": "app.review", "pk": 12, "fields": {"grade": 5, "movie": 6}}, {"model": "app.review", "pk": 13, "fields": {"grade": 3, "movie": 7}}, {"model": "app.review", "pk": 14, "fields": {"grade": 4, "movie": 8}}, {"model": "app.review", "pk": 15, "fields": {"grade": 5, "movie": 9}}, {"model": "app.review", "pk": 16, "fields": {"grade": 1, "movie": 10}}, {"model": "app.review", "pk": 17, "fields": {"grade": 0, "movie": 11}}, {"model": "app.review", "pk": 18, "fields": {"grade": 4, "movie": 11}}, {"model": "app.review", "pk": 19, "fields": {"grade": 5, "movie": 2}}, {"model": "app.review", "pk": 20, "fields": {"grade": 5, "movie": 3}}, {"model": "app.review", "pk": 21, "fields": {"grade": 3, "movie": 1}}, {"model": "app.review", "pk": 22, "fields": {"grade": 1, "movie": 1}}, {"model": "app.review", "pk": 23, "fields": {"grade": 3, "movie": 1}}, {"model": "app.review", "pk": 24, "fields": {"grade": 3, "movie": 2}}, {"model": "app.review", "pk": 25, "fields": {"grade": 1, "movie": 2}}, {"model": "app.review", "pk": 26, "fields": {"grade": 5, "movie": 3}}, {"model": "app.review", "pk": 27, "fields": {"grade": 3, "movie": 1}}, {"model": "app.review", "pk": 28, "fields": {"grade": 3, "movie": 1}}, {"model": "app.review", "pk": 29, "fields": {"grade": 4, "movie": 1}}, {"model": "app.review", "pk": 30, "fields": {"grade": 3, "movie": 1}}, {"model": "app.review", "pk": 31, "fields": {"grade": 1, "movie": 1}}, {"model": "app.review", "pk": 32, "fields": {"grade": 3, "movie": 1}}, {"model": "app.review", "pk": 33, "fields": {"grade": 3, "movie": 1}}, {"model": "app.review", "pk": 34, "fields": {"grade": 2, "movie": 1}}, {"model": "app.review", "pk": 35, "fields": {"grade": 2, "movie": 1}}, {"model": "app.review", "pk": 36, "fields": {"grade": 2, "movie": 2}}, {"model": "app.review", "pk": 37, "fields": {"grade": 3, "movie": 1}}, {"model": "app.review", "pk": 38, "fields": {"grade": 1, "movie": 5}}, {"model": "app.review", "pk": 39, "fields": {"grade": 0, "movie": 5}}, {"model": "app.review", "pk": 40, "fields": {"grade": 5, "movie": 1}}, {"model": "app.review", "pk": 41, "fields": {"grade": 5, "movie": 1}}, {"model": "app.review", "pk": 42, "fields": {"grade": 5, "movie": 1}}, {"model": "app.review", "pk": 43, "fields": {"grade": 5, "movie": 1}}, {"model": "app.review", "pk": 44, "fields": {"grade": 0, "movie": 1}}, {"model": "app.review", "pk": 45, "fields": {"grade": 5, "movie": 1}}, {"model": "app.review", "pk": 46, "fields": {"grade": 5, "movie": 1}}, {"model": "app.review", "pk": 47, "fields": {"grade": 0, "movie": 1}}, {"model": "app.review", "pk": 48, "fields": {"grade": 5, "movie": 3}}, {"model": "app.review", "pk": 49, "fields": {"grade": 5, "movie": 5}}, {"model": "app.review", "pk": 50, "fields": {"grade": 5, "movie": 7}}]